{
  "GET Frontend Index HTML" : {
    "transaction" : "GET Frontend Index HTML",
    "sampleCount" : 20,
    "errorCount" : 0,
    "errorPct" : 0.0,
    "meanResTime" : 81.9,
    "medianResTime" : 26.5,
    "minResTime" : 10.0,
    "maxResTime" : 341.0,
    "pct1ResTime" : 262.20000000000005,
    "pct2ResTime" : 337.19999999999993,
    "pct3ResTime" : 341.0,
    "throughput" : 3.8842493688094777,
    "receivedKBytesPerSec" : 3.3000946785783647,
    "sentKBytesPerSec" : 0.5613954165857448
  },
  "GET Itens Estoque" : {
    "transaction" : "GET Itens Estoque",
    "sampleCount" : 40,
    "errorCount" : 0,
    "errorPct" : 0.0,
    "meanResTime" : 372.1,
    "medianResTime" : 290.0,
    "minResTime" : 80.0,
    "maxResTime" : 1845.0,
    "pct1ResTime" : 694.5,
    "pct2ResTime" : 909.9999999999994,
    "pct3ResTime" : 1845.0,
    "throughput" : 2.796420581655481,
    "receivedKBytesPerSec" : 1.8706524398769575,
    "sentKBytesPerSec" : 1.0131562849552573
  },
  "DELETE Remover Cliente Teste" : {
    "transaction" : "DELETE Remover Cliente Teste",
    "sampleCount" : 20,
    "errorCount" : 0,
    "errorPct" : 0.0,
    "meanResTime" : 158.35,
    "medianResTime" : 46.5,
    "minResTime" : 26.0,
    "maxResTime" : 588.0,
    "pct1ResTime" : 575.2,
    "pct2ResTime" : 587.6,
    "pct3ResTime" : 588.0,
    "throughput" : 7.58150113722517,
    "receivedKBytesPerSec" : 2.502487680060652,
    "sentKBytesPerSec" : 2.902293404094011
  },
  "GET Frontend Login Page" : {
    "transaction" : "GET Frontend Login Page",
    "sampleCount" : 20,
    "errorCount" : 0,
    "errorPct" : 0.0,
    "meanResTime" : 81.9,
    "medianResTime" : 16.0,
    "minResTime" : 8.0,
    "maxResTime" : 340.0,
    "pct1ResTime" : 265.2000000000001,
    "pct2ResTime" : 336.44999999999993,
    "pct3ResTime" : 340.0,
    "throughput" : 3.8955979742890534,
    "receivedKBytesPerSec" : 3.3097365601869884,
    "sentKBytesPerSec" : 0.582057119205298
  },
  "PATCH Adicionar Estoque Item Existente" : {
    "transaction" : "PATCH Adicionar Estoque Item Existente",
    "sampleCount" : 20,
    "errorCount" : 0,
    "errorPct" : 0.0,
    "meanResTime" : 308.45,
    "medianResTime" : 86.0,
    "minResTime" : 38.0,
    "maxResTime" : 1854.0,
    "pct1ResTime" : 1090.4000000000015,
    "pct2ResTime" : 1818.9499999999994,
    "pct3ResTime" : 1854.0,
    "throughput" : 4.158004158004158,
    "receivedKBytesPerSec" : 2.891112266112266,
    "sentKBytesPerSec" : 1.6932497401247402
  },
  "Dashboard" : {
    "transaction" : "Dashboard",
    "sampleCount" : 20,
    "errorCount" : 0,
    "errorPct" : 0.0,
    "meanResTime" : 1381.7500000000002,
    "medianResTime" : 1380.5,
    "minResTime" : 948.0,
    "maxResTime" : 1785.0,
    "pct1ResTime" : 1721.3,
    "pct2ResTime" : 1781.8999999999999,
    "pct3ResTime" : 1785.0,
    "throughput" : 7.79423226812159,
    "receivedKBytesPerSec" : 68.10819368667187,
    "sentKBytesPerSec" : 9.095808164458301
  },
  "POST Criar Cliente Teste" : {
    "transaction" : "POST Criar Cliente Teste",
    "sampleCount" : 20,
    "errorCount" : 0,
    "errorPct" : 0.0,
    "meanResTime" : 494.79999999999984,
    "medianResTime" : 60.0,
    "minResTime" : 23.0,
    "maxResTime" : 1958.0,
    "pct1ResTime" : 1885.1000000000001,
    "pct2ResTime" : 1954.85,
    "pct3ResTime" : 1958.0,
    "throughput" : 4.377325454147516,
    "receivedKBytesPerSec" : 2.0670466048369445,
    "sentKBytesPerSec" : 2.3258816207047492
  },
  "GET Clientes" : {
    "transaction" : "GET Clientes",
    "sampleCount" : 40,
    "errorCount" : 0,
    "errorPct" : 0.0,
    "meanResTime" : 251.79999999999998,
    "medianResTime" : 184.5,
    "minResTime" : 88.0,
    "maxResTime" : 635.0,
    "pct1ResTime" : 535.3,
    "pct2ResTime" : 599.9499999999999,
    "pct3ResTime" : 635.0,
    "throughput" : 11.040574109853711,
    "receivedKBytesPerSec" : 18.73878691691968,
    "sentKBytesPerSec" : 4.10786985923268
  },
  "GET Google Font Average Sans" : {
    "transaction" : "GET Google Font Average Sans",
    "sampleCount" : 20,
    "errorCount" : 0,
    "errorPct" : 0.0,
    "meanResTime" : 1310.95,
    "medianResTime" : 1320.0,
    "minResTime" : 1243.0,
    "maxResTime" : 1353.0,
    "pct1ResTime" : 1340.8,
    "pct2ResTime" : 1352.4,
    "pct3ResTime" : 1353.0,
    "throughput" : 14.652014652014651,
    "receivedKBytesPerSec" : 11.847527472527473,
    "sentKBytesPerSec" : 2.732944139194139
  },
  "Load Login Page" : {
    "transaction" : "Load Login Page",
    "sampleCount" : 20,
    "errorCount" : 0,
    "errorPct" : 0.0,
    "meanResTime" : 1929.0499999999997,
    "medianResTime" : 1939.5,
    "minResTime" : 1550.0,
    "maxResTime" : 2318.0,
    "pct1ResTime" : 2196.6,
    "pct2ResTime" : 2312.15,
    "pct3ResTime" : 2318.0,
    "throughput" : 8.481764206955047,
    "receivedKBytesPerSec" : 1705.505526399491,
    "sentKBytesPerSec" : 5.82292991942324
  },
  "Dashboard - Sazional Estacao Anterior" : {
    "transaction" : "Dashboard - Sazional Estacao Anterior",
    "sampleCount" : 20,
    "errorCount" : 0,
    "errorPct" : 0.0,
    "meanResTime" : 889.0,
    "medianResTime" : 861.0,
    "minResTime" : 586.0,
    "maxResTime" : 1265.0,
    "pct1ResTime" : 1208.5000000000002,
    "pct2ResTime" : 1262.8,
    "pct3ResTime" : 1265.0,
    "throughput" : 4.9689440993788825,
    "receivedKBytesPerSec" : 106.9633152173913,
    "sentKBytesPerSec" : 2.008928571428571
  },
  "Dashboard - Fidelizacao Historico" : {
    "transaction" : "Dashboard - Fidelizacao Historico",
    "sampleCount" : 20,
    "errorCount" : 0,
    "errorPct" : 0.0,
    "meanResTime" : 544.1500000000001,
    "medianResTime" : 450.5,
    "minResTime" : 146.0,
    "maxResTime" : 1185.0,
    "pct1ResTime" : 1090.0,
    "pct2ResTime" : 1180.25,
    "pct3ResTime" : 1185.0,
    "throughput" : 4.608294930875576,
    "receivedKBytesPerSec" : 1.5210973502304148,
    "sentKBytesPerSec" : 1.8631192396313365
  },
  "Dashboard - Ruptura Historico" : {
    "transaction" : "Dashboard - Ruptura Historico",
    "sampleCount" : 20,
    "errorCount" : 0,
    "errorPct" : 0.0,
    "meanResTime" : 473.35,
    "medianResTime" : 357.0,
    "minResTime" : 143.0,
    "maxResTime" : 1188.0,
    "pct1ResTime" : 1154.3000000000004,
    "pct2ResTime" : 1187.5,
    "pct3ResTime" : 1188.0,
    "throughput" : 4.601932811780948,
    "receivedKBytesPerSec" : 4.314312011044638,
    "sentKBytesPerSec" : 1.8605470547630005
  },
  "POST Login" : {
    "transaction" : "POST Login",
    "sampleCount" : 20,
    "errorCount" : 0,
    "errorPct" : 0.0,
    "meanResTime" : 1288.8,
    "medianResTime" : 1171.5,
    "minResTime" : 669.0,
    "maxResTime" : 2331.0,
    "pct1ResTime" : 2098.0,
    "pct2ResTime" : 2319.8999999999996,
    "pct3ResTime" : 2331.0,
    "throughput" : 7.710100231303008,
    "receivedKBytesPerSec" : 4.974671116037009,
    "sentKBytesPerSec" : 1.7016432151117966
  },
  "GET Frontend Menu Page" : {
    "transaction" : "GET Frontend Menu Page",
    "sampleCount" : 20,
    "errorCount" : 0,
    "errorPct" : 0.0,
    "meanResTime" : 96.39999999999999,
    "medianResTime" : 58.5,
    "minResTime" : 7.0,
    "maxResTime" : 298.0,
    "pct1ResTime" : 264.60000000000014,
    "pct2ResTime" : 296.59999999999997,
    "pct3ResTime" : 298.0,
    "throughput" : 9.70873786407767,
    "receivedKBytesPerSec" : 8.248634708737864,
    "sentKBytesPerSec" : 1.5169902912621358
  },
  "Dashboard - Ticket Medio Atual" : {
    "transaction" : "Dashboard - Ticket Medio Atual",
    "sampleCount" : 40,
    "errorCount" : 0,
    "errorPct" : 0.0,
    "meanResTime" : 347.19999999999993,
    "medianResTime" : 339.0,
    "minResTime" : 137.0,
    "maxResTime" : 643.0,
    "pct1ResTime" : 527.5,
    "pct2ResTime" : 590.9499999999999,
    "pct3ResTime" : 643.0,
    "throughput" : 4.628022677311119,
    "receivedKBytesPerSec" : 4.338771259979174,
    "sentKBytesPerSec" : 1.8710951058660186
  },
  "GET Fornecedores" : {
    "transaction" : "GET Fornecedores",
    "sampleCount" : 40,
    "errorCount" : 0,
    "errorPct" : 0.0,
    "meanResTime" : 186.95,
    "medianResTime" : 155.0,
    "minResTime" : 66.0,
    "maxResTime" : 642.0,
    "pct1ResTime" : 365.8999999999998,
    "pct2ResTime" : 613.2999999999992,
    "pct3ResTime" : 642.0,
    "throughput" : 8.639308855291578,
    "receivedKBytesPerSec" : 10.60508909287257,
    "sentKBytesPerSec" : 3.248177645788337
  },
  "GET Login Image (RoupasLogin.png)" : {
    "transaction" : "GET Login Image (RoupasLogin.png)",
    "sampleCount" : 20,
    "errorCount" : 0,
    "errorPct" : 0.0,
    "meanResTime" : 39.5,
    "medianResTime" : 44.5,
    "minResTime" : 7.0,
    "maxResTime" : 48.0,
    "pct1ResTime" : 47.0,
    "pct2ResTime" : 47.95,
    "pct3ResTime" : 48.0,
    "throughput" : 132.45033112582783,
    "receivedKBytesPerSec" : 26300.832988410595,
    "sentKBytesPerSec" : 24.058360927152318
  },
  "Dashboard - Sazional Estacao Atual" : {
    "transaction" : "Dashboard - Sazional Estacao Atual",
    "sampleCount" : 20,
    "errorCount" : 0,
    "errorPct" : 0.0,
    "meanResTime" : 669.05,
    "medianResTime" : 630.5,
    "minResTime" : 417.0,
    "maxResTime" : 1027.0,
    "pct1ResTime" : 995.9000000000001,
    "pct2ResTime" : 1025.55,
    "pct3ResTime" : 1027.0,
    "throughput" : 5.589714924538848,
    "receivedKBytesPerSec" : 65.73919612912242,
    "sentKBytesPerSec" : 2.2599042761319175
  },
  "GET Favicon (Group 2.png)" : {
    "transaction" : "GET Favicon (Group 2.png)",
    "sampleCount" : 20,
    "errorCount" : 0,
    "errorPct" : 0.0,
    "meanResTime" : 134.0,
    "medianResTime" : 129.0,
    "minResTime" : 30.0,
    "maxResTime" : 283.0,
    "pct1ResTime" : 238.40000000000003,
    "pct2ResTime" : 280.84999999999997,
    "pct3ResTime" : 283.0,
    "throughput" : 65.57377049180329,
    "receivedKBytesPerSec" : 55.71209016393443,
    "sentKBytesPerSec" : 11.014344262295083
  },
  "Dashboard - Calendario Historico Completo" : {
    "transaction" : "Dashboard - Calendario Historico Completo",
    "sampleCount" : 20,
    "errorCount" : 0,
    "errorPct" : 0.0,
    "meanResTime" : 3051.35,
    "medianResTime" : 2967.0,
    "minResTime" : 2448.0,
    "maxResTime" : 3807.0,
    "pct1ResTime" : 3758.0,
    "pct2ResTime" : 3804.6,
    "pct3ResTime" : 3807.0,
    "throughput" : 2.635393332454869,
    "receivedKBytesPerSec" : 410.9180433851627,
    "sentKBytesPerSec" : 1.0654812887073395
  },
  "Clientes" : {
    "transaction" : "Clientes",
    "sampleCount" : 20,
    "errorCount" : 0,
    "errorPct" : 0.0,
    "meanResTime" : 297.15,
    "medianResTime" : 212.0,
    "minResTime" : 151.0,
    "maxResTime" : 674.0,
    "pct1ResTime" : 635.9000000000001,
    "pct2ResTime" : 672.1999999999999,
    "pct3ResTime" : 674.0,
    "throughput" : 8.521516829995738,
    "receivedKBytesPerSec" : 14.463277588410737,
    "sentKBytesPerSec" : 3.170603429910524
  },
  "GET Categorias" : {
    "transaction" : "GET Categorias",
    "sampleCount" : 40,
    "errorCount" : 0,
    "errorPct" : 0.0,
    "meanResTime" : 213.825,
    "medianResTime" : 141.5,
    "minResTime" : 49.0,
    "maxResTime" : 604.0,
    "pct1ResTime" : 491.6,
    "pct2ResTime" : 584.9499999999996,
    "pct3ResTime" : 604.0,
    "throughput" : 6.314127861089187,
    "receivedKBytesPerSec" : 6.751923835832676,
    "sentKBytesPerSec" : 2.330801104972376
  },
  "Login" : {
    "transaction" : "Login",
    "sampleCount" : 20,
    "errorCount" : 0,
    "errorPct" : 0.0,
    "meanResTime" : 1406.2500000000002,
    "medianResTime" : 1208.5,
    "minResTime" : 961.0,
    "maxResTime" : 2371.0,
    "pct1ResTime" : 2154.0000000000005,
    "pct2ResTime" : 2360.7999999999997,
    "pct3ResTime" : 2371.0,
    "throughput" : 7.587253414264037,
    "receivedKBytesPerSec" : 4.895408526176024,
    "sentKBytesPerSec" : 1.6745305386949922
  },
  "GET Itens (Produtos)" : {
    "transaction" : "GET Itens (Produtos)",
    "sampleCount" : 40,
    "errorCount" : 0,
    "errorPct" : 0.0,
    "meanResTime" : 365.175,
    "medianResTime" : 308.0,
    "minResTime" : 187.0,
    "maxResTime" : 800.0,
    "pct1ResTime" : 735.7999999999998,
    "pct2ResTime" : 760.55,
    "pct3ResTime" : 800.0,
    "throughput" : 6.764755623203111,
    "receivedKBytesPerSec" : 17.770695924234737,
    "sentKBytesPerSec" : 2.457508878741755
  },
  "Dashboard - Itens Todos" : {
    "transaction" : "Dashboard - Itens Todos",
    "sampleCount" : 20,
    "errorCount" : 0,
    "errorPct" : 0.0,
    "meanResTime" : 613.3499999999999,
    "medianResTime" : 477.0,
    "minResTime" : 191.0,
    "maxResTime" : 1187.0,
    "pct1ResTime" : 1101.9,
    "pct2ResTime" : 1182.8999999999999,
    "pct3ResTime" : 1187.0,
    "throughput" : 4.826254826254826,
    "receivedKBytesPerSec" : 12.697197755791505,
    "sentKBytesPerSec" : 1.762714165057915
  },
  "GET Frontend Splash Page" : {
    "transaction" : "GET Frontend Splash Page",
    "sampleCount" : 20,
    "errorCount" : 0,
    "errorPct" : 0.0,
    "meanResTime" : 156.65,
    "medianResTime" : 207.0,
    "minResTime" : 18.0,
    "maxResTime" : 230.0,
    "pct1ResTime" : 223.10000000000002,
    "pct2ResTime" : 229.7,
    "pct3ResTime" : 230.0,
    "throughput" : 54.94505494505494,
    "receivedKBytesPerSec" : 46.681833791208796,
    "sentKBytesPerSec" : 8.263221153846153
  },
  "GET Frontend Dashboard Page" : {
    "transaction" : "GET Frontend Dashboard Page",
    "sampleCount" : 40,
    "errorCount" : 0,
    "errorPct" : 0.0,
    "meanResTime" : 72.95,
    "medianResTime" : 41.0,
    "minResTime" : 6.0,
    "maxResTime" : 330.0,
    "pct1ResTime" : 219.79999999999995,
    "pct2ResTime" : 308.4999999999996,
    "pct3ResTime" : 330.0,
    "throughput" : 2.071143789157562,
    "receivedKBytesPerSec" : 1.0082667762646922,
    "sentKBytesPerSec" : 0.5825091907005644
  },
  "GET Vendas 6 Meses" : {
    "transaction" : "GET Vendas 6 Meses",
    "sampleCount" : 40,
    "errorCount" : 0,
    "errorPct" : 0.0,
    "meanResTime" : 1035.4249999999995,
    "medianResTime" : 1026.5,
    "minResTime" : 736.0,
    "maxResTime" : 1522.0,
    "pct1ResTime" : 1303.3,
    "pct2ResTime" : 1454.0999999999995,
    "pct3ResTime" : 1522.0,
    "throughput" : 6.371455877668048,
    "receivedKBytesPerSec" : 220.68632526282258,
    "sentKBytesPerSec" : 2.5759597005415737
  },
  "Dashboard - Fidelizacao Atual" : {
    "transaction" : "Dashboard - Fidelizacao Atual",
    "sampleCount" : 20,
    "errorCount" : 0,
    "errorPct" : 0.0,
    "meanResTime" : 1678.8499999999997,
    "medianResTime" : 1531.0,
    "minResTime" : 1317.0,
    "maxResTime" : 2265.0,
    "pct1ResTime" : 2202.0,
    "pct2ResTime" : 2261.95,
    "pct3ResTime" : 2265.0,
    "throughput" : 3.5069261792039277,
    "receivedKBytesPerSec" : 280.7184815009644,
    "sentKBytesPerSec" : 1.417839295107838
  },
  "Total" : {
    "transaction" : "Total",
    "sampleCount" : 760,
    "errorCount" : 0,
    "errorPct" : 0.0,
    "meanResTime" : 510.6381578947368,
    "medianResTime" : 281.0,
    "minResTime" : 6.0,
    "maxResTime" : 3807.0,
    "pct1ResTime" : 1283.5,
    "pct2ResTime" : 1737.6499999999983,
    "pct3ResTime" : 3106.519999999999,
    "throughput" : 34.257381113364886,
    "receivedKBytesPerSec" : 529.8477733406581,
    "sentKBytesPerSec" : 11.63432147284201
  },
  "Dashboard - Ticket Medio Anterior" : {
    "transaction" : "Dashboard - Ticket Medio Anterior",
    "sampleCount" : 40,
    "errorCount" : 0,
    "errorPct" : 0.0,
    "meanResTime" : 621.5500000000001,
    "medianResTime" : 593.5,
    "minResTime" : 310.0,
    "maxResTime" : 1069.0,
    "pct1ResTime" : 949.6999999999999,
    "pct2ResTime" : 1048.7999999999997,
    "pct3ResTime" : 1069.0,
    "throughput" : 4.395604395604396,
    "receivedKBytesPerSec" : 29.376287774725277,
    "sentKBytesPerSec" : 1.777129120879121
  },
  "Vendas 6 Meses" : {
    "transaction" : "Vendas 6 Meses",
    "sampleCount" : 20,
    "errorCount" : 0,
    "errorPct" : 0.0,
    "meanResTime" : 1175.1,
    "medianResTime" : 1152.5,
    "minResTime" : 892.0,
    "maxResTime" : 1565.0,
    "pct1ResTime" : 1380.7,
    "pct2ResTime" : 1555.9499999999998,
    "pct3ResTime" : 1565.0,
    "throughput" : 6.25,
    "receivedKBytesPerSec" : 216.4794921875,
    "sentKBytesPerSec" : 2.52685546875
  },
  "Produtos" : {
    "transaction" : "Produtos",
    "sampleCount" : 20,
    "errorCount" : 0,
    "errorPct" : 0.0,
    "meanResTime" : 918.2999999999998,
    "medianResTime" : 969.5,
    "minResTime" : 627.0,
    "maxResTime" : 1175.0,
    "pct1ResTime" : 1164.5,
    "pct2ResTime" : 1174.7,
    "pct3ResTime" : 1175.0,
    "throughput" : 7.473841554559043,
    "receivedKBytesPerSec" : 36.79991124813154,
    "sentKBytesPerSec" : 8.283994301195815
  },
  "GET Usuarios (Funcionarios)" : {
    "transaction" : "GET Usuarios (Funcionarios)",
    "sampleCount" : 20,
    "errorCount" : 0,
    "errorPct" : 0.0,
    "meanResTime" : 157.25,
    "medianResTime" : 137.5,
    "minResTime" : 65.0,
    "maxResTime" : 548.0,
    "pct1ResTime" : 290.9000000000002,
    "pct2ResTime" : 535.6999999999998,
    "pct3ResTime" : 548.0,
    "throughput" : 8.81057268722467,
    "receivedKBytesPerSec" : 68.73795429515418,
    "sentKBytesPerSec" : 3.14909140969163
  },
  "GET Vendas Filtrar" : {
    "transaction" : "GET Vendas Filtrar",
    "sampleCount" : 20,
    "errorCount" : 0,
    "errorPct" : 0.0,
    "meanResTime" : 242.25,
    "medianResTime" : 201.0,
    "minResTime" : 137.0,
    "maxResTime" : 541.0,
    "pct1ResTime" : 454.2000000000001,
    "pct2ResTime" : 536.9,
    "pct3ResTime" : 541.0,
    "throughput" : 8.81057268722467,
    "receivedKBytesPerSec" : 8.259911894273127,
    "sentKBytesPerSec" : 3.5620870044052864
  }
}